{"cameraMode":{"drawMode":0,"name":"Shaded","section":"Shading Mode"},"sceneLighting":false,"audioPlay":false,"sceneViewState":{"showFog":true,"showMaterialUpdate":false,"showSkybox":false,"showFlares":true,"showImageEffects":true,"showParticleSystems":true},"in2DMode":false,"pivot":{"x":10.388397216796875,"y":3.3553848266601564,"z":-6.26747989654541},"rotation":{"x":0.6292686462402344,"y":0.024225285276770593,"z":-0.01963021233677864,"w":0.7765697240829468},"size":4.372111797332764,"orthographic":false}