{"cameraMode":{"drawMode":0,"name":"Shaded","section":"Shading Mode"},"sceneLighting":true,"audioPlay":false,"sceneViewState":{"showFog":true,"showMaterialUpdate":false,"showSkybox":true,"showFlares":true,"showImageEffects":true,"showParticleSystems":true},"in2DMode":false,"pivot":{"x":373.79998779296877,"y":330.54998779296877,"z":0.0},"rotation":{"x":0.05486534535884857,"y":0.014976151287555695,"z":-0.0008262122282758355,"w":0.99838787317276},"size":606.6173706054688,"orthographic":false}